window_idx,family,score_mode,variant_id,trade_count,expectancy,win_rate,profit_factor,avg_hold_bars,total_pnl,total_return_pct,max_drawdown_pct,rank
1,pullback,trend_consistency_20_x_slope_20_over_atr_20,pullback_trend_consistency_20_x_slope_20_over_atr_20_lb20_top30_hold10_pb0.5,15,-6.972822586548181,33.33333333333333,0.3414682288193236,10.0,-104.59233879822273,-10.459233879822271,1.7384885209414735,1
1,baseline,trend_consistency_20_x_slope_20_over_atr_20,baseline_trend_consistency_20_x_slope_20_over_atr_20_lb20_top20_hold2,19,-10.555297827698602,36.84210526315789,0.321538774662308,2.0,-200.55065872627344,-20.055065872627345,4.332406467141456,2
1,ranking_only,trend_consistency_20_x_slope_20_over_atr_20,ranking_only_trend_consistency_20_x_slope_20_over_atr_20_lb20_top20_hold5,19,-12.366385069324163,26.31578947368421,0.21366445775721188,5.0,-234.96131631715912,-23.496131631715915,4.771652748686554,3
2,ranking_only,trend_consistency_20_x_slope_20_over_atr_20,ranking_only_trend_consistency_20_x_slope_20_over_atr_20_lb20_top30_hold10,20,9.811246748784976,80.0,4.158402830724045,10.0,196.2249349756995,19.622493497569952,0.5550257556993518,1
2,baseline,trend_consistency_20_x_slope_20_over_atr_20,baseline_trend_consistency_20_x_slope_20_over_atr_20_lb20_top30_hold5,20,8.876751099879097,85.0,4.900458215320419,5.0,177.53502199758196,17.7535021997582,0.4703200375319499,2
2,pullback,trend_consistency_20_x_slope_20_over_atr_20,pullback_trend_consistency_20_x_slope_20_over_atr_20_lb20_top30_hold10_pb0.5,17,7.215788921509001,70.58823529411765,3.8634677568218567,10.0,122.66841166565303,12.266841166565307,0.5015313046785874,3
3,pullback,trend_consistency_20_x_slope_20_over_atr_20,pullback_trend_consistency_20_x_slope_20_over_atr_20_lb20_top20_hold5_pb0.5,18,11.672239132236662,77.77777777777779,2.6928243916958228,5.0,210.1003043802599,21.010030438025982,1.4323101445935837,1
3,baseline,trend_consistency_20_x_slope_20_over_atr_20,baseline_trend_consistency_20_x_slope_20_over_atr_20_lb20_top30_hold2,21,3.6989681243400914,57.14285714285714,1.364794115019121,2.0,77.67833061114192,7.767833061114191,1.619895687854571,2
3,ranking_only,trend_consistency_20_x_slope_20_over_atr_20,ranking_only_trend_consistency_20_x_slope_20_over_atr_20_lb20_top30_hold5,20,-1.4728926144109784,40.0,0.9003666888465534,5.0,-29.45785228821957,-2.9457852288219577,2.3899433542990782,3
